<?xml version="1.0" encoding="UTF-8" standalone="no"?><OrPasu_main_out><planning_horizon><num_days>14</num_days><start_day>2014-05-01</start_day><current_day>2014-05-01</current_day></planning_horizon><patients_scheduling><patient delay="0" name="Pat_0" status="registered"><stay day="2014-05-01" room="R_12"/></patient><patient delay="13" name="Pat_1" status="registered"><stay day="2014-05-20" room="R_18"/><stay day="2014-05-21" room="R_18"/><stay day="2014-05-22" room="R_18"/><stay day="2014-05-23" room="R_18"/><stay day="2014-05-24" room="R_18"/><stay day="2014-05-25" room="R_18"/><stay day="2014-05-26" room="R_18"/><stay day="2014-05-27" room="R_18"/></patient><patient delay="0" name="Pat_2" status="registered"><stay day="2014-05-08" room="R_7"/><stay day="2014-05-09" room="R_7"/><stay day="2014-05-10" room="R_7"/></patient><patient delay="2" name="Pat_3" status="registered"><stay day="2014-05-03" room="R_18"/><stay day="2014-05-04" room="R_18"/><stay day="2014-05-05" room="R_18"/></patient><patient delay="4" name="Pat_4" status="registered"><stay day="2014-05-16" room="R_7"/><stay day="2014-05-17" room="R_7"/><stay day="2014-05-18" room="R_7"/></patient><patient delay="0" name="Pat_5" status="registered"><stay day="2014-05-12" room="R_1"/><stay day="2014-05-13" room="R_1"/><stay day="2014-05-14" room="R_1"/></patient><patient delay="0" name="Pat_6" status="registered"><stay day="2014-05-01" room="R_13"/><stay day="2014-05-02" room="R_13"/><stay day="2014-05-03" room="R_13"/><stay day="2014-05-04" room="R_13"/><stay day="2014-05-05" room="R_13"/><stay day="2014-05-06" room="R_13"/></patient><patient delay="0" name="Pat_8" status="arrived"><stay day="2014-05-01" room="R_4"/><stay day="2014-05-02" room="R_4"/><stay day="2014-05-03" room="R_4"/><stay day="2014-05-04" room="R_4"/></patient><patient delay="2" name="Pat_9" status="registered"><stay day="2014-05-03" room="R_1"/><stay day="2014-05-04" room="R_1"/><stay day="2014-05-05" room="R_1"/><stay day="2014-05-06" room="R_1"/><stay day="2014-05-07" room="R_1"/><stay day="2014-05-08" room="R_1"/><stay day="2014-05-09" room="R_1"/><stay day="2014-05-10" room="R_1"/></patient><patient delay="0" name="Pat_10" status="registered"><stay day="2014-05-09" room="R_7"/></patient><patient delay="0" name="Pat_12" status="arrived"><stay day="2014-05-01" room="R_7"/><stay day="2014-05-02" room="R_7"/><stay day="2014-05-03" room="R_7"/><stay day="2014-05-04" room="R_7"/><stay day="2014-05-05" room="R_7"/><stay day="2014-05-06" room="R_7"/></patient><patient delay="0" name="Pat_15" status="registered"><stay day="2014-05-14" room="R_13"/></patient><patient delay="0" name="Pat_16" status="registered"><stay day="2014-05-14" room="R_5"/></patient><patient delay="0" name="Pat_18" status="registered"><stay day="2014-05-02" room="R_22"/></patient><patient delay="8" name="Pat_19" status="registered"><stay day="2014-05-20" room="R_21"/><stay day="2014-05-21" room="R_21"/><stay day="2014-05-22" room="R_21"/></patient><patient delay="17" name="Pat_20" status="registered"><stay day="2014-05-19" room="R_11"/><stay day="2014-05-20" room="R_11"/><stay day="2014-05-21" room="R_11"/><stay day="2014-05-22" room="R_11"/><stay day="2014-05-23" room="R_11"/><stay day="2014-05-24" room="R_11"/><stay day="2014-05-25" room="R_11"/><stay day="2014-05-26" room="R_11"/></patient><patient delay="0" name="Pat_21" status="registered"><stay day="2014-05-13" room="R_13"/></patient><patient delay="7" name="Pat_22" status="registered"><stay day="2014-05-19" room="R_1"/><stay day="2014-05-20" room="R_1"/><stay day="2014-05-21" room="R_1"/></patient><patient delay="1" name="Pat_27" status="registered"><stay day="2014-05-03" room="R_21"/></patient><patient delay="0" name="Pat_28" status="arrived"><stay day="2014-05-01" room="R_8"/></patient><patient delay="0" name="Pat_29" status="arrived"><stay day="2014-05-01" room="R_9"/><stay day="2014-05-02" room="R_9"/></patient><patient delay="0" name="Pat_31" status="arrived"><stay day="2014-05-01" room="R_13"/><stay day="2014-05-02" room="R_13"/><stay day="2014-05-03" room="R_13"/></patient><patient delay="0" name="Pat_32" status="arrived"><stay day="2014-05-01" room="R_6"/></patient><patient delay="0" name="Pat_33" status="arrived"><stay day="2014-05-01" room="R_1"/></patient><patient delay="0" name="Pat_35" status="registered"><stay day="2014-05-08" room="R_9"/></patient><patient delay="0" name="Pat_37" status="arrived"><stay day="2014-05-01" room="R_16"/><stay day="2014-05-02" room="R_16"/><stay day="2014-05-03" room="R_16"/><stay day="2014-05-04" room="R_16"/></patient><patient delay="0" name="Pat_38" status="arrived"><stay day="2014-05-01" room="R_20"/><stay day="2014-05-02" room="R_20"/><stay day="2014-05-03" room="R_20"/><stay day="2014-05-04" room="R_20"/><stay day="2014-05-05" room="R_20"/></patient><patient delay="0" name="Pat_40" status="arrived"><stay day="2014-05-01" room="R_18"/><stay day="2014-05-02" room="R_18"/></patient><patient delay="1" name="Pat_42" status="registered"><stay day="2014-05-15" room="R_1"/></patient><patient delay="0" name="Pat_44" status="registered"><stay day="2014-05-02" room="R_11"/></patient><patient delay="0" name="Pat_46" status="registered"><stay day="2014-05-05" room="R_0"/><stay day="2014-05-06" room="R_0"/><stay day="2014-05-07" room="R_0"/><stay day="2014-05-08" room="R_0"/><stay day="2014-05-09" room="R_0"/><stay day="2014-05-10" room="R_0"/><stay day="2014-05-11" room="R_0"/><stay day="2014-05-12" room="R_0"/><stay day="2014-05-13" room="R_0"/></patient><patient delay="4" name="Pat_47" status="registered"><stay day="2014-05-10" room="R_1"/><stay day="2014-05-11" room="R_1"/><stay day="2014-05-12" room="R_1"/><stay day="2014-05-13" room="R_1"/><stay day="2014-05-14" room="R_1"/><stay day="2014-05-15" room="R_1"/><stay day="2014-05-16" room="R_1"/><stay day="2014-05-17" room="R_1"/></patient><patient delay="0" name="Pat_48" status="arrived"><stay day="2014-05-01" room="R_9"/></patient><patient delay="0" name="Pat_49" status="registered"><stay day="2014-05-08" room="R_6"/></patient><patient delay="0" name="Pat_50" status="arrived"><stay day="2014-05-01" room="R_2"/></patient><patient delay="0" name="Pat_51" status="arrived"><stay day="2014-05-01" room="R_1"/><stay day="2014-05-02" room="R_1"/><stay day="2014-05-03" room="R_1"/></patient><patient delay="11" name="Pat_52" status="registered"><stay day="2014-05-19" room="R_23"/><stay day="2014-05-20" room="R_23"/><stay day="2014-05-21" room="R_23"/><stay day="2014-05-22" room="R_23"/><stay day="2014-05-23" room="R_23"/><stay day="2014-05-24" room="R_23"/><stay day="2014-05-25" room="R_23"/></patient><patient delay="0" name="Pat_53" status="registered"><stay day="2014-05-01" room="R_12"/><stay day="2014-05-02" room="R_12"/><stay day="2014-05-03" room="R_12"/><stay day="2014-05-04" room="R_12"/><stay day="2014-05-05" room="R_12"/><stay day="2014-05-06" room="R_12"/><stay day="2014-05-07" room="R_12"/><stay day="2014-05-08" room="R_12"/><stay day="2014-05-09" room="R_12"/></patient><patient delay="0" name="Pat_54" status="registered"><stay day="2014-05-07" room="R_3"/><stay day="2014-05-08" room="R_3"/><stay day="2014-05-09" room="R_3"/></patient><patient delay="0" name="Pat_55" status="registered"><stay day="2014-05-05" room="R_21"/></patient><patient delay="0" name="Pat_57" status="arrived"><stay day="2014-05-01" room="R_7"/><stay day="2014-05-02" room="R_7"/><stay day="2014-05-03" room="R_7"/><stay day="2014-05-04" room="R_7"/></patient><patient delay="0" name="Pat_58" status="registered"><stay day="2014-05-07" room="R_18"/><stay day="2014-05-08" room="R_18"/><stay day="2014-05-09" room="R_18"/><stay day="2014-05-10" room="R_18"/><stay day="2014-05-11" room="R_18"/><stay day="2014-05-12" room="R_18"/><stay day="2014-05-13" room="R_18"/><stay day="2014-05-14" room="R_18"/></patient><patient delay="0" name="Pat_59" status="arrived"><stay day="2014-05-01" room="R_4"/><stay day="2014-05-02" room="R_4"/><stay day="2014-05-03" room="R_4"/><stay day="2014-05-04" room="R_4"/><stay day="2014-05-05" room="R_4"/></patient><patient delay="0" name="Pat_60" status="registered"><stay day="2014-05-05" room="R_10"/><stay day="2014-05-06" room="R_10"/><stay day="2014-05-07" room="R_10"/></patient><patient delay="0" name="Pat_61" status="registered"><stay day="2014-05-01" room="R_4"/><stay day="2014-05-02" room="R_4"/><stay day="2014-05-03" room="R_4"/><stay day="2014-05-04" room="R_4"/><stay day="2014-05-05" room="R_4"/><stay day="2014-05-06" room="R_4"/><stay day="2014-05-07" room="R_4"/><stay day="2014-05-08" room="R_4"/><stay day="2014-05-09" room="R_4"/></patient><patient delay="0" name="Pat_62" status="registered"><stay day="2014-05-01" room="R_4"/><stay day="2014-05-02" room="R_4"/><stay day="2014-05-03" room="R_4"/></patient><patient delay="0" name="Pat_63" status="registered"><stay day="2014-05-06" room="R_21"/><stay day="2014-05-07" room="R_21"/><stay day="2014-05-08" room="R_21"/><stay day="2014-05-09" room="R_21"/><stay day="2014-05-10" room="R_21"/><stay day="2014-05-11" room="R_21"/><stay day="2014-05-12" room="R_21"/><stay day="2014-05-13" room="R_21"/></patient><patient delay="0" name="Pat_64" status="arrived"><stay day="2014-05-01" room="R_1"/><stay day="2014-05-02" room="R_1"/><stay day="2014-05-03" room="R_1"/><stay day="2014-05-04" room="R_1"/><stay day="2014-05-05" room="R_1"/><stay day="2014-05-06" room="R_1"/></patient><patient delay="0" name="Pat_65" status="arrived"><stay day="2014-05-01" room="R_24"/></patient><patient delay="0" name="Pat_68" status="arrived"><stay day="2014-05-01" room="R_20"/><stay day="2014-05-02" room="R_20"/><stay day="2014-05-03" room="R_20"/><stay day="2014-05-04" room="R_20"/></patient><patient delay="0" name="Pat_71" status="registered"><stay day="2014-05-01" room="R_7"/><stay day="2014-05-02" room="R_7"/><stay day="2014-05-03" room="R_7"/><stay day="2014-05-04" room="R_7"/><stay day="2014-05-05" room="R_7"/></patient><patient delay="3" name="Pat_72" status="registered"><stay day="2014-05-04" room="R_1"/></patient><patient delay="0" name="Pat_73" status="registered"><stay day="2014-05-02" room="R_3"/><stay day="2014-05-03" room="R_3"/><stay day="2014-05-04" room="R_3"/><stay day="2014-05-05" room="R_3"/><stay day="2014-05-06" room="R_3"/><stay day="2014-05-07" room="R_3"/></patient><patient delay="0" name="Pat_75" status="arrived"><stay day="2014-05-01" room="R_3"/><stay day="2014-05-02" room="R_3"/><stay day="2014-05-03" room="R_3"/><stay day="2014-05-04" room="R_3"/></patient><patient delay="5" name="Pat_76" status="registered"><stay day="2014-05-17" room="R_7"/><stay day="2014-05-18" room="R_7"/><stay day="2014-05-19" room="R_7"/></patient><patient delay="13" name="Pat_77" status="registered"><stay day="2014-05-19" room="R_0"/><stay day="2014-05-20" room="R_0"/><stay day="2014-05-21" room="R_0"/><stay day="2014-05-22" room="R_0"/><stay day="2014-05-23" room="R_0"/><stay day="2014-05-24" room="R_0"/><stay day="2014-05-25" room="R_0"/><stay day="2014-05-26" room="R_0"/><stay day="2014-05-27" room="R_0"/></patient><patient delay="0" name="Pat_78" status="arrived"><stay day="2014-05-01" room="R_1"/><stay day="2014-05-02" room="R_1"/><stay day="2014-05-03" room="R_1"/><stay day="2014-05-04" room="R_1"/><stay day="2014-05-05" room="R_1"/><stay day="2014-05-06" room="R_1"/></patient><patient delay="0" name="Pat_81" status="arrived"><stay day="2014-05-01" room="R_0"/><stay day="2014-05-02" room="R_0"/><stay day="2014-05-03" room="R_0"/><stay day="2014-05-04" room="R_0"/><stay day="2014-05-05" room="R_0"/></patient><patient delay="0" name="Pat_82" status="arrived"><stay day="2014-05-01" room="R_18"/><stay day="2014-05-02" room="R_18"/></patient><patient delay="0" name="Pat_83" status="arrived"><stay day="2014-05-01" room="R_17"/><stay day="2014-05-02" room="R_17"/><stay day="2014-05-03" room="R_17"/></patient><patient delay="10" name="Pat_84" status="registered"><stay day="2014-05-12" room="R_9"/><stay day="2014-05-13" room="R_9"/><stay day="2014-05-14" room="R_9"/><stay day="2014-05-15" room="R_9"/><stay day="2014-05-16" room="R_9"/></patient><patient delay="0" name="Pat_86" status="registered"><stay day="2014-05-01" room="R_15"/></patient><patient delay="0" name="Pat_87" status="arrived"><stay day="2014-05-01" room="R_23"/></patient><patient delay="0" name="Pat_88" status="arrived"><stay day="2014-05-01" room="R_21"/><stay day="2014-05-02" room="R_21"/></patient><patient delay="0" name="Pat_89" status="registered"><stay day="2014-05-07" room="R_4"/></patient><patient delay="15" name="Pat_90" status="registered"><stay day="2014-05-16" room="R_1"/><stay day="2014-05-17" room="R_1"/><stay day="2014-05-18" room="R_1"/></patient><patient delay="0" name="Pat_91" status="arrived"><stay day="2014-05-01" room="R_0"/><stay day="2014-05-02" room="R_0"/><stay day="2014-05-03" room="R_0"/><stay day="2014-05-04" room="R_0"/><stay day="2014-05-05" room="R_0"/><stay day="2014-05-06" room="R_0"/><stay day="2014-05-07" room="R_0"/><stay day="2014-05-08" room="R_0"/></patient><patient delay="0" name="Pat_93" status="registered"><stay day="2014-05-07" room="R_7"/></patient><patient delay="0" name="Pat_94" status="registered"><stay day="2014-05-12" room="R_0"/><stay day="2014-05-13" room="R_0"/><stay day="2014-05-14" room="R_0"/></patient><patient delay="0" name="Pat_95" status="registered"><stay day="2014-05-05" room="R_17"/><stay day="2014-05-06" room="R_17"/><stay day="2014-05-07" room="R_17"/></patient><patient delay="0" name="Pat_96" status="registered"><stay day="2014-05-05" room="R_21"/><stay day="2014-05-06" room="R_21"/><stay day="2014-05-07" room="R_21"/></patient><patient delay="0" name="Pat_97" status="arrived"><stay day="2014-05-01" room="R_21"/></patient><patient delay="1" name="Pat_98" status="registered"><stay day="2014-05-15" room="R_21"/></patient><patient delay="0" name="Pat_99" status="registered"><stay day="2014-05-02" room="R_4"/></patient><patient delay="0" name="Pat_100" status="registered"><stay day="2014-05-05" room="R_9"/><stay day="2014-05-06" room="R_9"/><stay day="2014-05-07" room="R_9"/></patient><patient delay="0" name="Pat_101" status="arrived"><stay day="2014-05-01" room="R_0"/><stay day="2014-05-02" room="R_0"/><stay day="2014-05-03" room="R_0"/></patient><patient delay="0" name="Pat_102" status="registered"><stay day="2014-05-08" room="R_3"/></patient><patient delay="1" name="Pat_103" status="registered"><stay day="2014-05-06" room="R_1"/><stay day="2014-05-07" room="R_1"/><stay day="2014-05-08" room="R_1"/></patient><patient delay="0" name="Pat_104" status="registered"><stay day="2014-05-05" room="R_24"/></patient><patient delay="8" name="Pat_105" status="registered"><stay day="2014-05-15" room="R_14"/><stay day="2014-05-16" room="R_14"/><stay day="2014-05-17" room="R_14"/><stay day="2014-05-18" room="R_14"/><stay day="2014-05-19" room="R_14"/></patient><patient delay="9" name="Pat_106" status="registered"><stay day="2014-05-15" room="R_4"/><stay day="2014-05-16" room="R_4"/><stay day="2014-05-17" room="R_4"/></patient><patient delay="1" name="Pat_107" status="registered"><stay day="2014-05-06" room="R_21"/></patient><patient delay="2" name="Pat_108" status="registered"><stay day="2014-05-11" room="R_13"/></patient><patient delay="0" name="Pat_109" status="registered"><stay day="2014-05-02" room="R_5"/></patient><patient delay="0" name="Pat_111" status="arrived"><stay day="2014-05-01" room="R_18"/><stay day="2014-05-02" room="R_18"/><stay day="2014-05-03" room="R_18"/><stay day="2014-05-04" room="R_18"/><stay day="2014-05-05" room="R_18"/></patient><patient delay="0" name="Pat_112" status="registered"><stay day="2014-05-07" room="R_4"/></patient><patient delay="13" name="Pat_113" status="registered"><stay day="2014-05-19" room="R_21"/><stay day="2014-05-20" room="R_21"/><stay day="2014-05-21" room="R_21"/><stay day="2014-05-22" room="R_21"/><stay day="2014-05-23" room="R_21"/><stay day="2014-05-24" room="R_21"/><stay day="2014-05-25" room="R_21"/><stay day="2014-05-26" room="R_21"/></patient><patient delay="17" name="Pat_114" status="registered"><stay day="2014-05-18" room="R_13"/><stay day="2014-05-19" room="R_13"/><stay day="2014-05-20" room="R_13"/><stay day="2014-05-21" room="R_13"/><stay day="2014-05-22" room="R_13"/></patient><patient delay="6" name="Pat_115" status="registered"><stay day="2014-05-13" room="R_18"/><stay day="2014-05-14" room="R_18"/><stay day="2014-05-15" room="R_18"/><stay day="2014-05-16" room="R_18"/><stay day="2014-05-17" room="R_18"/><stay day="2014-05-18" room="R_18"/><stay day="2014-05-19" room="R_18"/><stay day="2014-05-20" room="R_18"/></patient><patient delay="0" name="Pat_116" status="arrived"><stay day="2014-05-01" room="R_5"/></patient><patient delay="0" name="Pat_117" status="arrived"><stay day="2014-05-01" room="R_3"/><stay day="2014-05-02" room="R_3"/></patient><patient delay="6" name="Pat_118" status="registered"><stay day="2014-05-19" room="R_1"/><stay day="2014-05-20" room="R_1"/></patient><patient delay="0" name="Pat_119" status="registered"><stay day="2014-05-14" room="R_4"/></patient><patient delay="0" name="Pat_123" status="arrived"><stay day="2014-05-01" room="R_21"/></patient><patient delay="4" name="Pat_124" status="registered"><stay day="2014-05-10" room="R_17"/><stay day="2014-05-11" room="R_17"/><stay day="2014-05-12" room="R_17"/></patient><patient delay="5" name="Pat_125" status="registered"><stay day="2014-05-18" room="R_18"/><stay day="2014-05-19" room="R_18"/></patient><patient delay="2" name="Pat_126" status="registered"><stay day="2014-05-15" room="R_7"/><stay day="2014-05-16" room="R_7"/></patient><patient delay="0" name="Pat_127" status="arrived"><stay day="2014-05-01" room="R_10"/></patient><patient delay="13" name="Pat_128" status="registered"><stay day="2014-05-22" room="R_12"/><stay day="2014-05-23" room="R_12"/><stay day="2014-05-24" room="R_12"/><stay day="2014-05-25" room="R_12"/><stay day="2014-05-26" room="R_12"/><stay day="2014-05-27" room="R_12"/></patient><patient delay="3" name="Pat_129" status="registered"><stay day="2014-05-04" room="R_11"/><stay day="2014-05-05" room="R_11"/><stay day="2014-05-06" room="R_11"/><stay day="2014-05-07" room="R_11"/><stay day="2014-05-08" room="R_11"/><stay day="2014-05-09" room="R_11"/><stay day="2014-05-10" room="R_11"/><stay day="2014-05-11" room="R_11"/><stay day="2014-05-12" room="R_11"/></patient><patient delay="2" name="Pat_130" status="registered"><stay day="2014-05-03" room="R_9"/></patient><patient delay="1" name="Pat_132" status="registered"><stay day="2014-05-15" room="R_18"/></patient><patient delay="1" name="Pat_133" status="registered"><stay day="2014-05-02" room="R_1"/></patient><patient delay="1" name="Pat_134" status="registered"><stay day="2014-05-13" room="R_21"/><stay day="2014-05-14" room="R_21"/><stay day="2014-05-15" room="R_21"/></patient><patient delay="0" name="Pat_136" status="registered"><stay day="2014-05-09" room="R_21"/><stay day="2014-05-10" room="R_21"/><stay day="2014-05-11" room="R_21"/></patient><patient delay="1" name="Pat_137" status="registered"><stay day="2014-05-13" room="R_21"/></patient><patient delay="4" name="Pat_138" status="registered"><stay day="2014-05-11" room="R_1"/><stay day="2014-05-12" room="R_1"/><stay day="2014-05-13" room="R_1"/></patient><patient delay="0" name="Pat_139" status="arrived"><stay day="2014-05-01" room="R_21"/><stay day="2014-05-02" room="R_21"/><stay day="2014-05-03" room="R_21"/><stay day="2014-05-04" room="R_21"/><stay day="2014-05-05" room="R_21"/></patient><patient delay="0" name="Pat_140" status="registered"><stay day="2014-05-01" room="R_7"/><stay day="2014-05-02" room="R_7"/><stay day="2014-05-03" room="R_7"/><stay day="2014-05-04" room="R_7"/><stay day="2014-05-05" room="R_7"/><stay day="2014-05-06" room="R_7"/><stay day="2014-05-07" room="R_7"/><stay day="2014-05-08" room="R_7"/></patient><patient delay="2" name="Pat_141" status="registered"><stay day="2014-05-15" room="R_18"/></patient><patient delay="16" name="Pat_142" status="registered"><stay day="2014-05-24" room="R_18"/><stay day="2014-05-25" room="R_18"/><stay day="2014-05-26" room="R_18"/></patient><patient delay="14" name="Pat_143" status="registered"><stay day="2014-05-21" room="R_18"/><stay day="2014-05-22" room="R_18"/><stay day="2014-05-23" room="R_18"/></patient><patient delay="0" name="Pat_144" status="registered"><stay day="2014-05-02" room="R_21"/><stay day="2014-05-03" room="R_21"/><stay day="2014-05-04" room="R_21"/></patient><patient delay="12" name="Pat_145" status="registered"><stay day="2014-05-24" room="R_7"/><stay day="2014-05-25" room="R_7"/><stay day="2014-05-26" room="R_7"/></patient><patient delay="1" name="Pat_146" status="registered"><stay day="2014-05-15" room="R_12"/></patient><patient delay="0" name="Pat_147" status="registered"><stay day="2014-05-01" room="R_4"/></patient><patient delay="1" name="Pat_148" status="registered"><stay day="2014-05-08" room="R_7"/></patient><patient delay="0" name="Pat_149" status="arrived"><stay day="2014-05-01" room="R_1"/><stay day="2014-05-02" room="R_1"/><stay day="2014-05-03" room="R_1"/><stay day="2014-05-04" room="R_1"/><stay day="2014-05-05" room="R_1"/></patient><patient delay="1" name="Pat_150" status="registered"><stay day="2014-05-08" room="R_17"/></patient><patient delay="0" name="Pat_151" status="registered"><stay day="2014-05-02" room="R_19"/></patient><patient delay="1" name="Pat_152" status="registered"><stay day="2014-05-02" room="R_23"/><stay day="2014-05-03" room="R_23"/><stay day="2014-05-04" room="R_23"/></patient><patient delay="1" name="Pat_153" status="registered"><stay day="2014-05-08" room="R_0"/><stay day="2014-05-09" room="R_0"/><stay day="2014-05-10" room="R_0"/><stay day="2014-05-11" room="R_0"/><stay day="2014-05-12" room="R_0"/></patient><patient delay="0" name="Pat_155" status="registered"><stay day="2014-05-09" room="R_4"/></patient><patient delay="1" name="Pat_156" status="registered"><stay day="2014-05-02" room="R_21"/><stay day="2014-05-03" room="R_21"/><stay day="2014-05-04" room="R_21"/><stay day="2014-05-05" room="R_21"/><stay day="2014-05-06" room="R_21"/><stay day="2014-05-07" room="R_21"/><stay day="2014-05-08" room="R_21"/><stay day="2014-05-09" room="R_21"/></patient><patient delay="5" name="Pat_157" status="registered"><stay day="2014-05-17" room="R_12"/></patient><patient delay="0" name="Pat_158" status="registered"><stay day="2014-05-01" room="R_11"/></patient><patient delay="0" name="Pat_159" status="registered"><stay day="2014-05-01" room="R_0"/></patient><patient delay="3" name="Pat_160" status="registered"><stay day="2014-05-11" room="R_7"/></patient><patient delay="1" name="Pat_161" status="registered"><stay day="2014-05-08" room="R_19"/><stay day="2014-05-09" room="R_19"/></patient><patient delay="0" name="Pat_162" status="registered"><stay day="2014-05-06" room="R_18"/></patient><patient delay="0" name="Pat_163" status="registered"><stay day="2014-05-07" room="R_3"/><stay day="2014-05-08" room="R_3"/><stay day="2014-05-09" room="R_3"/><stay day="2014-05-10" room="R_3"/><stay day="2014-05-11" room="R_3"/></patient><patient delay="1" name="Pat_164" status="registered"><stay day="2014-05-08" room="R_10"/><stay day="2014-05-09" room="R_10"/><stay day="2014-05-10" room="R_10"/></patient><patient delay="1" name="Pat_165" status="registered"><stay day="2014-05-03" room="R_11"/></patient><patient delay="0" name="Pat_166" status="registered"><stay day="2014-05-01" room="R_21"/><stay day="2014-05-02" room="R_21"/><stay day="2014-05-03" room="R_21"/><stay day="2014-05-04" room="R_21"/><stay day="2014-05-05" room="R_21"/><stay day="2014-05-06" room="R_21"/><stay day="2014-05-07" room="R_21"/><stay day="2014-05-08" room="R_21"/></patient><patient delay="3" name="Pat_167" status="registered"><stay day="2014-05-05" room="R_7"/><stay day="2014-05-06" room="R_7"/><stay day="2014-05-07" room="R_7"/><stay day="2014-05-08" room="R_7"/><stay day="2014-05-09" room="R_7"/><stay day="2014-05-10" room="R_7"/></patient><patient delay="3" name="Pat_168" status="registered"><stay day="2014-05-11" room="R_12"/></patient><patient delay="0" name="Pat_169" status="registered"><stay day="2014-05-01" room="R_18"/><stay day="2014-05-02" room="R_18"/><stay day="2014-05-03" room="R_18"/></patient><patient delay="0" name="Pat_170" status="registered"><stay day="2014-05-01" room="R_21"/><stay day="2014-05-02" room="R_21"/><stay day="2014-05-03" room="R_21"/></patient><patient delay="2" name="Pat_171" status="registered"><stay day="2014-05-16" room="R_21"/></patient><patient delay="0" name="Pat_172" status="registered"><stay day="2014-05-02" room="R_0"/><stay day="2014-05-03" room="R_0"/><stay day="2014-05-04" room="R_0"/><stay day="2014-05-05" room="R_0"/><stay day="2014-05-06" room="R_0"/><stay day="2014-05-07" room="R_0"/></patient><patient delay="0" name="Pat_173" status="registered"><stay day="2014-05-05" room="R_1"/></patient><patient delay="1" name="Pat_174" status="registered"><stay day="2014-05-08" room="R_9"/><stay day="2014-05-09" room="R_9"/><stay day="2014-05-10" room="R_9"/><stay day="2014-05-11" room="R_9"/><stay day="2014-05-12" room="R_9"/><stay day="2014-05-13" room="R_9"/></patient><patient delay="0" name="Pat_175" status="registered"><stay day="2014-05-09" room="R_21"/></patient><patient delay="2" name="Pat_176" status="registered"><stay day="2014-05-09" room="R_9"/><stay day="2014-05-10" room="R_9"/><stay day="2014-05-11" room="R_9"/></patient><patient delay="0" name="Pat_177" status="registered"><stay day="2014-05-05" room="R_13"/><stay day="2014-05-06" room="R_13"/></patient><patient delay="0" name="Pat_178" status="registered"><stay day="2014-05-06" room="R_18"/></patient><patient delay="0" name="Pat_179" status="registered"><stay day="2014-05-07" room="R_13"/></patient><patient delay="0" name="Pat_180" status="registered"><stay day="2014-05-05" room="R_14"/></patient><patient delay="10" name="Pat_181" status="registered"><stay day="2014-05-22" room="R_18"/><stay day="2014-05-23" room="R_18"/><stay day="2014-05-24" room="R_18"/></patient><patient delay="0" name="Pat_182" status="registered"><stay day="2014-05-02" room="R_8"/><stay day="2014-05-03" room="R_8"/><stay day="2014-05-04" room="R_8"/><stay day="2014-05-05" room="R_8"/><stay day="2014-05-06" room="R_8"/><stay day="2014-05-07" room="R_8"/><stay day="2014-05-08" room="R_8"/><stay day="2014-05-09" room="R_8"/><stay day="2014-05-10" room="R_8"/></patient><patient delay="5" name="Pat_183" status="registered"><stay day="2014-05-19" room="R_21"/></patient><patient delay="0" name="Pat_184" status="registered"><stay day="2014-05-07" room="R_21"/><stay day="2014-05-08" room="R_21"/><stay day="2014-05-09" room="R_21"/></patient><patient delay="0" name="Pat_185" status="registered"><stay day="2014-05-01" room="R_1"/><stay day="2014-05-02" room="R_1"/><stay day="2014-05-03" room="R_1"/><stay day="2014-05-04" room="R_1"/><stay day="2014-05-05" room="R_1"/><stay day="2014-05-06" room="R_1"/><stay day="2014-05-07" room="R_1"/><stay day="2014-05-08" room="R_1"/></patient><patient delay="12" name="Pat_186" status="registered"><stay day="2014-05-13" room="R_7"/><stay day="2014-05-14" room="R_7"/><stay day="2014-05-15" room="R_7"/><stay day="2014-05-16" room="R_7"/><stay day="2014-05-17" room="R_7"/></patient><patient delay="0" name="Pat_187" status="registered"><stay day="2014-05-07" room="R_4"/><stay day="2014-05-08" room="R_4"/></patient><patient delay="0" name="Pat_188" status="registered"><stay day="2014-05-02" room="R_10"/><stay day="2014-05-03" room="R_10"/><stay day="2014-05-04" room="R_10"/></patient><patient delay="0" name="Pat_189" status="registered"><stay day="2014-05-08" room="R_4"/><stay day="2014-05-09" room="R_4"/><stay day="2014-05-10" room="R_4"/><stay day="2014-05-11" room="R_4"/><stay day="2014-05-12" room="R_4"/></patient><patient delay="2" name="Pat_190" status="registered"><stay day="2014-05-08" room="R_13"/><stay day="2014-05-09" room="R_13"/><stay day="2014-05-10" room="R_13"/></patient><patient delay="18" name="Pat_191" status="registered"><stay day="2014-05-24" room="R_1"/><stay day="2014-05-25" room="R_1"/><stay day="2014-05-26" room="R_1"/></patient><patient delay="13" name="Pat_192" status="registered"><stay day="2014-05-21" room="R_1"/><stay day="2014-05-22" room="R_1"/><stay day="2014-05-23" room="R_1"/><stay day="2014-05-24" room="R_1"/><stay day="2014-05-25" room="R_1"/><stay day="2014-05-26" room="R_1"/><stay day="2014-05-27" room="R_1"/></patient><patient delay="1" name="Pat_193" status="registered"><stay day="2014-05-15" room="R_0"/></patient><patient delay="5" name="Pat_194" status="registered"><stay day="2014-05-14" room="R_1"/><stay day="2014-05-15" room="R_1"/><stay day="2014-05-16" room="R_1"/><stay day="2014-05-17" room="R_1"/><stay day="2014-05-18" room="R_1"/><stay day="2014-05-19" room="R_1"/></patient><patient delay="0" name="Pat_195" status="registered"><stay day="2014-05-07" room="R_18"/><stay day="2014-05-08" room="R_18"/><stay day="2014-05-09" room="R_18"/><stay day="2014-05-10" room="R_18"/><stay day="2014-05-11" room="R_18"/><stay day="2014-05-12" room="R_18"/></patient><patient delay="12" name="Pat_196" status="registered"><stay day="2014-05-25" room="R_7"/><stay day="2014-05-26" room="R_7"/></patient><patient delay="2" name="Pat_197" status="registered"><stay day="2014-05-11" room="R_1"/></patient><patient delay="1" name="Pat_198" status="registered"><stay day="2014-05-03" room="R_18"/><stay day="2014-05-04" room="R_18"/><stay day="2014-05-05" room="R_18"/></patient><patient delay="5" name="Pat_199" status="registered"><stay day="2014-05-17" room="R_10"/><stay day="2014-05-18" room="R_10"/><stay day="2014-05-19" room="R_10"/></patient><patient delay="0" name="Pat_200" status="registered"><stay day="2014-05-02" room="R_9"/></patient><patient delay="10" name="Pat_201" status="registered"><stay day="2014-05-15" room="R_4"/><stay day="2014-05-16" room="R_4"/><stay day="2014-05-17" room="R_4"/><stay day="2014-05-18" room="R_4"/><stay day="2014-05-19" room="R_4"/><stay day="2014-05-20" room="R_4"/></patient><patient delay="6" name="Pat_202" status="registered"><stay day="2014-05-13" room="R_18"/><stay day="2014-05-14" room="R_18"/><stay day="2014-05-15" room="R_18"/><stay day="2014-05-16" room="R_18"/><stay day="2014-05-17" room="R_18"/><stay day="2014-05-18" room="R_18"/><stay day="2014-05-19" room="R_18"/><stay day="2014-05-20" room="R_18"/></patient><patient delay="1" name="Pat_203" status="registered"><stay day="2014-05-08" room="R_20"/><stay day="2014-05-09" room="R_20"/></patient><patient delay="0" name="Pat_204" status="registered"><stay day="2014-05-02" room="R_12"/><stay day="2014-05-03" room="R_12"/><stay day="2014-05-04" room="R_12"/></patient><patient delay="2" name="Pat_205" status="registered"><stay day="2014-05-16" room="R_23"/></patient><patient delay="1" name="Pat_206" status="registered"><stay day="2014-05-06" room="R_23"/></patient><patient delay="0" name="Pat_207" status="registered"><stay day="2014-05-06" room="R_0"/></patient><patient delay="0" name="Pat_208" status="registered"><stay day="2014-05-06" room="R_5"/></patient><patient delay="0" name="Pat_209" status="registered"><stay day="2014-05-06" room="R_14"/><stay day="2014-05-07" room="R_14"/><stay day="2014-05-08" room="R_14"/><stay day="2014-05-09" room="R_14"/><stay day="2014-05-10" room="R_14"/><stay day="2014-05-11" room="R_14"/><stay day="2014-05-12" room="R_14"/><stay day="2014-05-13" room="R_14"/><stay day="2014-05-14" room="R_14"/></patient><patient delay="0" name="Pat_210" status="registered"><stay day="2014-05-09" room="R_15"/><stay day="2014-05-10" room="R_15"/><stay day="2014-05-11" room="R_15"/></patient><patient delay="8" name="Pat_211" status="registered"><stay day="2014-05-16" room="R_20"/><stay day="2014-05-17" room="R_20"/><stay day="2014-05-18" room="R_20"/><stay day="2014-05-19" room="R_20"/><stay day="2014-05-20" room="R_20"/><stay day="2014-05-21" room="R_20"/><stay day="2014-05-22" room="R_20"/></patient><patient delay="8" name="Pat_212" status="registered"><stay day="2014-05-17" room="R_13"/><stay day="2014-05-18" room="R_13"/><stay day="2014-05-19" room="R_13"/><stay day="2014-05-20" room="R_13"/><stay day="2014-05-21" room="R_13"/><stay day="2014-05-22" room="R_13"/></patient><patient delay="0" name="Pat_213" status="registered"><stay day="2014-05-06" room="R_5"/><stay day="2014-05-07" room="R_5"/><stay day="2014-05-08" room="R_5"/><stay day="2014-05-09" room="R_5"/><stay day="2014-05-10" room="R_5"/></patient><patient delay="0" name="Pat_214" status="registered"><stay day="2014-05-07" room="R_0"/></patient><patient delay="3" name="Pat_215" status="registered"><stay day="2014-05-08" room="R_21"/></patient><patient delay="1" name="Pat_216" status="registered"><stay day="2014-05-06" room="R_24"/><stay day="2014-05-07" room="R_24"/><stay day="2014-05-08" room="R_24"/><stay day="2014-05-09" room="R_24"/><stay day="2014-05-10" room="R_24"/><stay day="2014-05-11" room="R_24"/></patient><patient delay="1" name="Pat_217" status="registered"><stay day="2014-05-14" room="R_21"/><stay day="2014-05-15" room="R_21"/></patient><patient delay="9" name="Pat_218" status="registered"><stay day="2014-05-16" room="R_0"/><stay day="2014-05-17" room="R_0"/><stay day="2014-05-18" room="R_0"/><stay day="2014-05-19" room="R_0"/><stay day="2014-05-20" room="R_0"/><stay day="2014-05-21" room="R_0"/><stay day="2014-05-22" room="R_0"/><stay day="2014-05-23" room="R_0"/></patient><patient delay="0" name="Pat_219" status="registered"><stay day="2014-05-14" room="R_12"/></patient><patient delay="1" name="Pat_220" status="registered"><stay day="2014-05-08" room="R_20"/><stay day="2014-05-09" room="R_20"/></patient><patient delay="12" name="Pat_221" status="registered"><stay day="2014-05-21" room="R_7"/><stay day="2014-05-22" room="R_7"/><stay day="2014-05-23" room="R_7"/><stay day="2014-05-24" room="R_7"/><stay day="2014-05-25" room="R_7"/><stay day="2014-05-26" room="R_7"/></patient><patient delay="0" name="Pat_222" status="registered"><stay day="2014-05-06" room="R_4"/></patient><patient delay="13" name="Pat_223" status="registered"><stay day="2014-05-18" room="R_21"/><stay day="2014-05-19" room="R_21"/><stay day="2014-05-20" room="R_21"/><stay day="2014-05-21" room="R_21"/><stay day="2014-05-22" room="R_21"/><stay day="2014-05-23" room="R_21"/><stay day="2014-05-24" room="R_21"/><stay day="2014-05-25" room="R_21"/></patient><patient delay="1" name="Pat_224" status="registered"><stay day="2014-05-10" room="R_19"/></patient><patient delay="9" name="Pat_225" status="registered"><stay day="2014-05-15" room="R_0"/><stay day="2014-05-16" room="R_0"/></patient><patient delay="0" name="Pat_226" status="registered"><stay day="2014-05-06" room="R_1"/><stay day="2014-05-07" room="R_1"/><stay day="2014-05-08" room="R_1"/><stay day="2014-05-09" room="R_1"/><stay day="2014-05-10" room="R_1"/><stay day="2014-05-11" room="R_1"/><stay day="2014-05-12" room="R_1"/><stay day="2014-05-13" room="R_1"/></patient><patient delay="14" name="Pat_227" status="registered"><stay day="2014-05-22" room="R_1"/><stay day="2014-05-23" room="R_1"/><stay day="2014-05-24" room="R_1"/></patient><patient delay="1" name="Pat_228" status="registered"><stay day="2014-05-15" room="R_24"/></patient><patient delay="1" name="Pat_229" status="registered"><stay day="2014-05-09" room="R_17"/></patient><patient delay="3" name="Pat_230" status="registered"><stay day="2014-05-08" room="R_0"/><stay day="2014-05-09" room="R_0"/><stay day="2014-05-10" room="R_0"/><stay day="2014-05-11" room="R_0"/><stay day="2014-05-12" room="R_0"/><stay day="2014-05-13" room="R_0"/></patient><patient delay="3" name="Pat_231" status="registered"><stay day="2014-05-10" room="R_21"/><stay day="2014-05-11" room="R_21"/><stay day="2014-05-12" room="R_21"/></patient><patient delay="0" name="Pat_232" status="registered"><stay day="2014-05-07" room="R_1"/><stay day="2014-05-08" room="R_1"/><stay day="2014-05-09" room="R_1"/></patient><patient delay="0" name="Pat_233" status="registered"><stay day="2014-05-05" room="R_23"/></patient><patient delay="7" name="Pat_234" status="registered"><stay day="2014-05-16" room="R_1"/><stay day="2014-05-17" room="R_1"/><stay day="2014-05-18" room="R_1"/><stay day="2014-05-19" room="R_1"/><stay day="2014-05-20" room="R_1"/><stay day="2014-05-21" room="R_1"/></patient><patient delay="10" name="Pat_235" status="registered"><stay day="2014-05-19" room="R_9"/><stay day="2014-05-20" room="R_9"/><stay day="2014-05-21" room="R_9"/><stay day="2014-05-22" room="R_9"/><stay day="2014-05-23" room="R_9"/><stay day="2014-05-24" room="R_9"/></patient><patient delay="8" name="Pat_236" status="registered"><stay day="2014-05-16" room="R_21"/><stay day="2014-05-17" room="R_21"/><stay day="2014-05-18" room="R_21"/></patient><patient delay="3" name="Pat_237" status="registered"><stay day="2014-05-12" room="R_7"/><stay day="2014-05-13" room="R_7"/><stay day="2014-05-14" room="R_7"/><stay day="2014-05-15" room="R_7"/><stay day="2014-05-16" room="R_7"/></patient><patient delay="1" name="Pat_238" status="registered"><stay day="2014-05-10" room="R_20"/></patient><patient delay="12" name="Pat_239" status="registered"><stay day="2014-05-19" room="R_12"/><stay day="2014-05-20" room="R_12"/><stay day="2014-05-21" room="R_12"/><stay day="2014-05-22" room="R_12"/><stay day="2014-05-23" room="R_12"/></patient><patient delay="9" name="Pat_240" status="registered"><stay day="2014-05-21" room="R_0"/><stay day="2014-05-22" room="R_0"/><stay day="2014-05-23" room="R_0"/></patient><patient delay="13" name="Pat_241" status="registered"><stay day="2014-05-21" room="R_7"/><stay day="2014-05-22" room="R_7"/><stay day="2014-05-23" room="R_7"/><stay day="2014-05-24" room="R_7"/><stay day="2014-05-25" room="R_7"/><stay day="2014-05-26" room="R_7"/><stay day="2014-05-27" room="R_7"/></patient><patient delay="13" name="Pat_242" status="registered"><stay day="2014-05-22" room="R_1"/><stay day="2014-05-23" room="R_1"/><stay day="2014-05-24" room="R_1"/><stay day="2014-05-25" room="R_1"/><stay day="2014-05-26" room="R_1"/><stay day="2014-05-27" room="R_1"/></patient><patient delay="10" name="Pat_243" status="registered"><stay day="2014-05-22" room="R_7"/><stay day="2014-05-23" room="R_7"/><stay day="2014-05-24" room="R_7"/></patient><patient delay="0" name="Pat_244" status="registered"><stay day="2014-05-07" room="R_23"/><stay day="2014-05-08" room="R_23"/></patient><patient delay="0" name="Pat_245" status="registered"><stay day="2014-05-05" room="R_12"/></patient><patient delay="4" name="Pat_246" status="registered"><stay day="2014-05-17" room="R_0"/><stay day="2014-05-18" room="R_0"/></patient><patient delay="5" name="Pat_247" status="registered"><stay day="2014-05-10" room="R_12"/><stay day="2014-05-11" room="R_12"/><stay day="2014-05-12" room="R_12"/><stay day="2014-05-13" room="R_12"/><stay day="2014-05-14" room="R_12"/></patient><patient delay="11" name="Pat_248" status="registered"><stay day="2014-05-20" room="R_0"/><stay day="2014-05-21" room="R_0"/><stay day="2014-05-22" room="R_0"/><stay day="2014-05-23" room="R_0"/><stay day="2014-05-24" room="R_0"/></patient><patient delay="1" name="Pat_249" status="registered"><stay day="2014-05-10" room="R_1"/></patient><patient delay="0" name="Pat_250" status="registered"><stay day="2014-05-07" room="R_12"/></patient><patient delay="17" name="Pat_251" status="registered"><stay day="2014-05-24" room="R_10"/><stay day="2014-05-25" room="R_10"/><stay day="2014-05-26" room="R_10"/></patient><patient delay="0" name="Pat_252" status="registered"><stay day="2014-05-05" room="R_9"/><stay day="2014-05-06" room="R_9"/><stay day="2014-05-07" room="R_9"/></patient><patient delay="7" name="Pat_253" status="registered"><stay day="2014-05-21" room="R_12"/></patient><patient delay="0" name="Pat_254" status="registered"><stay day="2014-05-05" room="R_18"/><stay day="2014-05-06" room="R_18"/><stay day="2014-05-07" room="R_18"/><stay day="2014-05-08" room="R_18"/><stay day="2014-05-09" room="R_18"/><stay day="2014-05-10" room="R_18"/><stay day="2014-05-11" room="R_18"/><stay day="2014-05-12" room="R_18"/></patient><patient delay="8" name="Pat_255" status="registered"><stay day="2014-05-15" room="R_1"/><stay day="2014-05-16" room="R_1"/><stay day="2014-05-17" room="R_1"/><stay day="2014-05-18" room="R_1"/><stay day="2014-05-19" room="R_1"/><stay day="2014-05-20" room="R_1"/><stay day="2014-05-21" room="R_1"/><stay day="2014-05-22" room="R_1"/></patient><patient delay="0" name="Pat_256" status="registered"><stay day="2014-05-14" room="R_1"/></patient><patient delay="0" name="Pat_257" status="registered"><stay day="2014-05-12" room="R_21"/></patient><patient delay="2" name="Pat_258" status="registered"><stay day="2014-05-09" room="R_0"/><stay day="2014-05-10" room="R_0"/><stay day="2014-05-11" room="R_0"/></patient><patient delay="0" name="Pat_259" status="registered"><stay day="2014-05-05" room="R_21"/><stay day="2014-05-06" room="R_21"/><stay day="2014-05-07" room="R_21"/></patient><patient delay="1" name="Pat_260" status="registered"><stay day="2014-05-07" room="R_13"/></patient><patient delay="2" name="Pat_261" status="registered"><stay day="2014-05-11" room="R_10"/><stay day="2014-05-12" room="R_10"/><stay day="2014-05-13" room="R_10"/></patient><patient delay="0" name="Pat_262" status="registered"><stay day="2014-05-05" room="R_20"/><stay day="2014-05-06" room="R_20"/><stay day="2014-05-07" room="R_20"/></patient><patient delay="2" name="Pat_263" status="registered"><stay day="2014-05-16" room="R_10"/></patient><patient delay="0" name="Pat_264" status="registered"><stay day="2014-05-05" room="R_4"/><stay day="2014-05-06" room="R_4"/><stay day="2014-05-07" room="R_4"/><stay day="2014-05-08" room="R_4"/><stay day="2014-05-09" room="R_4"/><stay day="2014-05-10" room="R_4"/><stay day="2014-05-11" room="R_4"/><stay day="2014-05-12" room="R_4"/></patient><patient delay="0" name="Pat_265" status="registered"><stay day="2014-05-05" room="R_19"/><stay day="2014-05-06" room="R_19"/><stay day="2014-05-07" room="R_19"/></patient><patient delay="7" name="Pat_266" status="registered"><stay day="2014-05-15" room="R_4"/><stay day="2014-05-16" room="R_4"/><stay day="2014-05-17" room="R_4"/><stay day="2014-05-18" room="R_4"/><stay day="2014-05-19" room="R_4"/></patient><patient delay="3" name="Pat_267" status="registered"><stay day="2014-05-16" room="R_9"/><stay day="2014-05-17" room="R_9"/></patient><patient delay="3" name="Pat_268" status="registered"><stay day="2014-05-12" room="R_21"/><stay day="2014-05-13" room="R_21"/><stay day="2014-05-14" room="R_21"/></patient><patient delay="13" name="Pat_269" status="registered"><stay day="2014-05-22" room="R_1"/><stay day="2014-05-23" room="R_1"/><stay day="2014-05-24" room="R_1"/></patient><patient delay="1" name="Pat_270" status="registered"><stay day="2014-05-14" room="R_7"/><stay day="2014-05-15" room="R_7"/></patient><patient delay="7" name="Pat_271" status="registered"><stay day="2014-05-19" room="R_7"/><stay day="2014-05-20" room="R_7"/><stay day="2014-05-21" room="R_7"/></patient><patient delay="14" name="Pat_272" status="registered"><stay day="2014-05-21" room="R_18"/><stay day="2014-05-22" room="R_18"/><stay day="2014-05-23" room="R_18"/></patient><patient delay="0" name="Pat_273" status="registered"><stay day="2014-05-13" room="R_5"/><stay day="2014-05-14" room="R_5"/></patient><patient delay="0" name="Pat_274" status="registered"><stay day="2014-05-09" room="R_4"/></patient><patient delay="6" name="Pat_275" status="registered"><stay day="2014-05-12" room="R_13"/></patient><patient delay="0" name="Pat_276" status="registered"><stay day="2014-05-06" room="R_12"/></patient><patient delay="7" name="Pat_277" status="registered"><stay day="2014-05-20" room="R_18"/><stay day="2014-05-21" room="R_18"/></patient><patient delay="0" name="Pat_278" status="registered"><stay day="2014-05-09" room="R_15"/></patient><patient delay="0" name="Pat_279" status="registered"><stay day="2014-05-06" room="R_18"/><stay day="2014-05-07" room="R_18"/><stay day="2014-05-08" room="R_18"/><stay day="2014-05-09" room="R_18"/><stay day="2014-05-10" room="R_18"/><stay day="2014-05-11" room="R_18"/><stay day="2014-05-12" room="R_18"/><stay day="2014-05-13" room="R_18"/></patient><patient delay="0" name="Pat_280" status="registered"><stay day="2014-05-06" room="R_7"/><stay day="2014-05-07" room="R_7"/></patient><patient delay="12" name="Pat_281" status="registered"><stay day="2014-05-25" room="R_1"/><stay day="2014-05-26" room="R_1"/></patient><patient delay="5" name="Pat_282" status="registered"><stay day="2014-05-17" room="R_19"/><stay day="2014-05-18" room="R_19"/><stay day="2014-05-19" room="R_19"/></patient><patient delay="3" name="Pat_283" status="registered"><stay day="2014-05-16" room="R_13"/></patient><patient delay="8" name="Pat_284" status="registered"><stay day="2014-05-17" room="R_21"/><stay day="2014-05-18" room="R_21"/><stay day="2014-05-19" room="R_21"/><stay day="2014-05-20" room="R_21"/><stay day="2014-05-21" room="R_21"/><stay day="2014-05-22" room="R_21"/></patient><patient delay="1" name="Pat_285" status="registered"><stay day="2014-05-15" room="R_11"/></patient><patient delay="11" name="Pat_286" status="registered"><stay day="2014-05-18" room="R_9"/><stay day="2014-05-19" room="R_9"/><stay day="2014-05-20" room="R_9"/><stay day="2014-05-21" room="R_9"/><stay day="2014-05-22" room="R_9"/><stay day="2014-05-23" room="R_9"/></patient><patient delay="0" name="Pat_287" status="registered"><stay day="2014-05-13" room="R_0"/></patient><patient delay="4" name="Pat_288" status="registered"><stay day="2014-05-16" room="R_21"/><stay day="2014-05-17" room="R_21"/><stay day="2014-05-18" room="R_21"/></patient><patient delay="4" name="Pat_289" status="registered"><stay day="2014-05-17" room="R_17"/><stay day="2014-05-18" room="R_17"/></patient><patient delay="0" name="Pat_290" status="registered"><stay day="2014-05-07" room="R_4"/></patient><patient delay="0" name="Pat_291" status="registered"><stay day="2014-05-08" room="R_13"/><stay day="2014-05-09" room="R_13"/><stay day="2014-05-10" room="R_13"/><stay day="2014-05-11" room="R_13"/><stay day="2014-05-12" room="R_13"/></patient><patient delay="11" name="Pat_292" status="registered"><stay day="2014-05-19" room="R_21"/><stay day="2014-05-20" room="R_21"/><stay day="2014-05-21" room="R_21"/><stay day="2014-05-22" room="R_21"/><stay day="2014-05-23" room="R_21"/><stay day="2014-05-24" room="R_21"/><stay day="2014-05-25" room="R_21"/></patient><patient delay="0" name="Pat_293" status="registered"><stay day="2014-05-08" room="R_5"/><stay day="2014-05-09" room="R_5"/><stay day="2014-05-10" room="R_5"/></patient><patient delay="0" name="Pat_294" status="registered"><stay day="2014-05-07" room="R_1"/><stay day="2014-05-08" room="R_1"/><stay day="2014-05-09" room="R_1"/></patient><patient delay="0" name="Pat_295" status="registered"><stay day="2014-05-09" room="R_23"/><stay day="2014-05-10" room="R_23"/><stay day="2014-05-11" room="R_23"/><stay day="2014-05-12" room="R_23"/><stay day="2014-05-13" room="R_23"/></patient><patient delay="1" name="Pat_296" status="registered"><stay day="2014-05-13" room="R_11"/></patient><patient delay="1" name="Pat_297" status="registered"><stay day="2014-05-15" room="R_1"/></patient><patient delay="11" name="Pat_298" status="registered"><stay day="2014-05-24" room="R_0"/><stay day="2014-05-25" room="R_0"/></patient><patient delay="1" name="Pat_299" status="registered"><stay day="2014-05-09" room="R_7"/><stay day="2014-05-10" room="R_7"/><stay day="2014-05-11" room="R_7"/><stay day="2014-05-12" room="R_7"/><stay day="2014-05-13" room="R_7"/></patient><patient delay="3" name="Pat_300" status="registered"><stay day="2014-05-17" room="R_7"/></patient><patient delay="9" name="Pat_301" status="registered"><stay day="2014-05-18" room="R_21"/><stay day="2014-05-19" room="R_21"/><stay day="2014-05-20" room="R_21"/></patient><patient delay="0" name="Pat_302" status="registered"><stay day="2014-05-08" room="R_21"/></patient><patient delay="1" name="Pat_303" status="registered"><stay day="2014-05-15" room="R_5"/></patient><patient delay="1" name="Pat_304" status="registered"><stay day="2014-05-14" room="R_23"/></patient><patient delay="2" name="Pat_305" status="registered"><stay day="2014-05-10" room="R_7"/><stay day="2014-05-11" room="R_7"/><stay day="2014-05-12" room="R_7"/></patient><patient delay="5" name="Pat_306" status="registered"><stay day="2014-05-18" room="R_9"/></patient><patient delay="9" name="Pat_307" status="registered"><stay day="2014-05-22" room="R_10"/><stay day="2014-05-23" room="R_10"/></patient><patient delay="0" name="Pat_308" status="registered"><stay day="2014-05-13" room="R_20"/></patient><patient delay="12" name="Pat_309" status="registered"><stay day="2014-05-25" room="R_1"/><stay day="2014-05-26" room="R_1"/></patient><patient delay="3" name="Pat_310" status="registered"><stay day="2014-05-12" room="R_12"/></patient><patient delay="0" name="Pat_311" status="registered"><stay day="2014-05-13" room="R_19"/><stay day="2014-05-14" room="R_19"/></patient><patient delay="2" name="Pat_312" status="registered"><stay day="2014-05-16" room="R_11"/></patient><patient delay="1" name="Pat_313" status="registered"><stay day="2014-05-14" room="R_4"/></patient><patient delay="0" name="Pat_314" status="registered"><stay day="2014-05-08" room="R_4"/><stay day="2014-05-09" room="R_4"/><stay day="2014-05-10" room="R_4"/></patient><patient delay="0" name="Pat_315" status="registered"><stay day="2014-05-08" room="R_12"/><stay day="2014-05-09" room="R_12"/><stay day="2014-05-10" room="R_12"/></patient><patient delay="2" name="Pat_316" status="registered"><stay day="2014-05-11" room="R_7"/></patient><patient delay="0" name="Pat_317" status="registered"><stay day="2014-05-09" room="R_21"/><stay day="2014-05-10" room="R_21"/><stay day="2014-05-11" room="R_21"/></patient><patient delay="0" name="Pat_318" status="registered"><stay day="2014-05-14" room="R_21"/></patient><patient delay="4" name="Pat_319" status="registered"><stay day="2014-05-18" room="R_0"/></patient><patient delay="1" name="Pat_320" status="registered"><stay day="2014-05-15" room="R_13"/></patient><patient delay="9" name="Pat_321" status="registered"><stay day="2014-05-22" room="R_1"/><stay day="2014-05-23" room="R_1"/></patient><patient delay="2" name="Pat_322" status="registered"><stay day="2014-05-15" room="R_19"/><stay day="2014-05-16" room="R_19"/></patient><patient delay="13" name="Pat_323" status="registered"><stay day="2014-05-25" room="R_0"/><stay day="2014-05-26" room="R_0"/><stay day="2014-05-27" room="R_0"/></patient><patient delay="0" name="Pat_324" status="registered"><stay day="2014-05-14" room="R_1"/></patient><patient delay="0" name="Pat_325" status="registered"><stay day="2014-05-09" room="R_1"/></patient><patient delay="6" name="Pat_326" status="registered"><stay day="2014-05-20" room="R_10"/></patient><patient delay="0" name="Pat_327" status="registered"><stay day="2014-05-14" room="R_3"/></patient><patient delay="0" name="Pat_328" status="registered"><stay day="2014-05-12" room="R_5"/></patient><patient delay="1" name="Pat_329" status="registered"><stay day="2014-05-15" room="R_12"/></patient><patient delay="6" name="Pat_330" status="registered"><stay day="2014-05-19" room="R_7"/><stay day="2014-05-20" room="R_7"/></patient><patient delay="0" name="Pat_331" status="registered"><stay day="2014-05-14" room="R_7"/></patient><patient delay="15" name="Pat_332" status="registered"><stay day="2014-05-24" room="R_18"/><stay day="2014-05-25" room="R_18"/><stay day="2014-05-26" room="R_18"/></patient><patient delay="4" name="Pat_333" status="registered"><stay day="2014-05-18" room="R_7"/></patient><patient delay="9" name="Pat_334" status="registered"><stay day="2014-05-18" room="R_7"/><stay day="2014-05-19" room="R_7"/><stay day="2014-05-20" room="R_7"/><stay day="2014-05-21" room="R_7"/><stay day="2014-05-22" room="R_7"/><stay day="2014-05-23" room="R_7"/></patient><patient delay="0" name="Pat_335" status="registered"><stay day="2014-05-09" room="R_1"/><stay day="2014-05-10" room="R_1"/><stay day="2014-05-11" room="R_1"/><stay day="2014-05-12" room="R_1"/><stay day="2014-05-13" room="R_1"/><stay day="2014-05-14" room="R_1"/></patient><patient delay="14" name="Pat_336" status="registered"><stay day="2014-05-23" room="R_1"/><stay day="2014-05-24" room="R_1"/><stay day="2014-05-25" room="R_1"/></patient><patient delay="1" name="Pat_337" status="registered"><stay day="2014-05-10" room="R_21"/><stay day="2014-05-11" room="R_21"/><stay day="2014-05-12" room="R_21"/><stay day="2014-05-13" room="R_21"/><stay day="2014-05-14" room="R_21"/><stay day="2014-05-15" room="R_21"/></patient><patient delay="6" name="Pat_338" status="registered"><stay day="2014-05-18" room="R_12"/><stay day="2014-05-19" room="R_12"/><stay day="2014-05-20" room="R_12"/></patient><patient delay="0" name="Pat_339" status="registered"><stay day="2014-05-12" room="R_24"/></patient><patient delay="0" name="Pat_340" status="registered"><stay day="2014-05-10" room="R_1"/><stay day="2014-05-11" room="R_1"/><stay day="2014-05-12" room="R_1"/></patient><patient delay="13" name="Pat_341" status="registered"><stay day="2014-05-26" room="R_1"/><stay day="2014-05-27" room="R_1"/></patient><patient delay="0" name="Pat_342" status="registered"><stay day="2014-05-14" room="R_20"/></patient><patient delay="7" name="Pat_343" status="registered"><stay day="2014-05-19" room="R_1"/><stay day="2014-05-20" room="R_1"/><stay day="2014-05-21" room="R_1"/></patient><patient delay="0" name="Pat_344" status="registered"><stay day="2014-05-13" room="R_12"/></patient><patient delay="7" name="Pat_345" status="registered"><stay day="2014-05-20" room="R_1"/><stay day="2014-05-21" room="R_1"/></patient><patient delay="0" name="Pat_346" status="registered"><stay day="2014-05-10" room="R_21"/><stay day="2014-05-11" room="R_21"/><stay day="2014-05-12" room="R_21"/></patient><patient delay="0" name="Pat_347" status="registered"><stay day="2014-05-13" room="R_1"/></patient><patient delay="3" name="Pat_348" status="registered"><stay day="2014-05-17" room="R_0"/></patient><patient delay="0" name="Pat_349" status="registered"><stay day="2014-05-12" room="R_15"/><stay day="2014-05-13" room="R_15"/><stay day="2014-05-14" room="R_15"/></patient><patient delay="0" name="Pat_350" status="registered"><stay day="2014-05-13" room="R_3"/></patient><patient delay="1" name="Pat_351" status="registered"><stay day="2014-05-15" room="R_0"/></patient><patient delay="6" name="Pat_352" status="registered"><stay day="2014-05-19" room="R_0"/><stay day="2014-05-20" room="R_0"/></patient><patient delay="7" name="Pat_353" status="registered"><stay day="2014-05-21" room="R_10"/></patient><patient delay="3" name="Pat_354" status="registered"><stay day="2014-05-15" room="R_5"/><stay day="2014-05-16" room="R_5"/><stay day="2014-05-17" room="R_5"/></patient><patient delay="0" name="Pat_355" status="registered"><stay day="2014-05-13" room="R_17"/><stay day="2014-05-14" room="R_17"/></patient><patient delay="3" name="Pat_356" status="registered"><stay day="2014-05-17" room="R_13"/></patient><patient delay="0" name="Pat_357" status="registered"><stay day="2014-05-14" room="R_4"/></patient><patient delay="0" name="Pat_358" status="registered"><stay day="2014-05-14" room="R_3"/></patient><patient delay="0" name="Pat_359" status="registered"><stay day="2014-05-14" room="R_22"/></patient><patient delay="0" name="Pat_360" status="registered"><stay day="2014-05-14" room="R_8"/></patient><patient delay="1" name="Pat_361" status="registered"><stay day="2014-05-15" room="R_10"/></patient><patient delay="1" name="Pat_362" status="registered"><stay day="2014-05-15" room="R_9"/></patient><patient delay="4" name="Pat_363" status="registered"><stay day="2014-05-18" room="R_1"/></patient><patient delay="4" name="Pat_364" status="registered"><stay day="2014-05-18" room="R_1"/></patient><patient delay="12" name="Pat_365" status="registered"><stay day="2014-05-24" room="R_0"/><stay day="2014-05-25" room="R_0"/><stay day="2014-05-26" room="R_0"/></patient><patient delay="3" name="Pat_366" status="registered"><stay day="2014-05-17" room="R_18"/></patient><patient delay="1" name="Pat_367" status="registered"><stay day="2014-05-13" room="R_7"/></patient><patient delay="11" name="Pat_368" status="registered"><stay day="2014-05-24" room="R_12"/><stay day="2014-05-25" room="R_12"/></patient><patient delay="1" name="Pat_369" status="registered"><stay day="2014-05-15" room="R_4"/></patient><patient delay="3" name="Pat_370" status="registered"><stay day="2014-05-16" room="R_21"/><stay day="2014-05-17" room="R_21"/></patient><patient delay="0" name="Pat_371" status="registered"><stay day="2014-05-12" room="R_20"/></patient><patient delay="2" name="Pat_372" status="registered"><stay day="2014-05-15" room="R_0"/><stay day="2014-05-16" room="R_0"/></patient><patient delay="1" name="Pat_373" status="registered"><stay day="2014-05-13" room="R_13"/><stay day="2014-05-14" room="R_13"/><stay day="2014-05-15" room="R_13"/></patient><patient delay="4" name="Pat_374" status="registered"><stay day="2014-05-17" room="R_0"/><stay day="2014-05-18" room="R_0"/></patient><patient delay="2" name="Pat_375" status="registered"><stay day="2014-05-16" room="R_0"/></patient><patient delay="2" name="Pat_376" status="registered"><stay day="2014-05-16" room="R_1"/></patient><patient delay="0" name="Pat_377" status="registered"><stay day="2014-05-12" room="R_7"/></patient><patient delay="0" name="Pat_378" status="registered"><stay day="2014-05-13" room="R_24"/><stay day="2014-05-14" room="R_24"/></patient><patient delay="2" name="Pat_379" status="registered"><stay day="2014-05-15" room="R_16"/><stay day="2014-05-16" room="R_16"/></patient><patient delay="0" name="Pat_380" status="registered"><stay day="2014-05-13" room="R_4"/></patient><patient delay="0" name="Pat_381" status="registered"><stay day="2014-05-14" room="R_3"/></patient><patient delay="3" name="Pat_382" status="registered"><stay day="2014-05-16" room="R_17"/></patient><patient delay="2" name="Pat_383" status="registered"><stay day="2014-05-14" room="R_4"/><stay day="2014-05-15" room="R_4"/><stay day="2014-05-16" room="R_4"/></patient><patient delay="5" name="Pat_384" status="registered"><stay day="2014-05-18" room="R_18"/></patient><patient delay="1" name="Pat_385" status="registered"><stay day="2014-05-15" room="R_21"/></patient><patient delay="0" name="Pat_386" status="registered"><stay day="2014-05-13" room="R_22"/></patient><patient delay="2" name="Pat_387" status="registered"><stay day="2014-05-16" room="R_21"/></patient><patient delay="0" name="Pat_388" status="registered"><stay day="2014-05-14" room="R_4"/></patient><patient delay="2" name="Pat_389" status="registered"><stay day="2014-05-16" room="R_12"/></patient><patient delay="1" name="Pat_390" status="registered"><stay day="2014-05-15" room="R_1"/></patient><patient delay="4" name="Pat_391" status="registered"><stay day="2014-05-17" room="R_21"/><stay day="2014-05-18" room="R_21"/></patient><patient delay="4" name="Pat_392" status="registered"><stay day="2014-05-17" room="R_23"/><stay day="2014-05-18" room="R_23"/></patient><patient delay="3" name="Pat_393" status="registered"><stay day="2014-05-16" room="R_18"/><stay day="2014-05-17" room="R_18"/></patient><patient delay="0" name="Pat_394" status="registered"><stay day="2014-05-13" room="R_21"/><stay day="2014-05-14" room="R_21"/></patient><patient delay="0" name="Pat_395" status="registered"><stay day="2014-05-14" room="R_20"/></patient><patient delay="2" name="Pat_396" status="registered"><stay day="2014-05-16" room="R_21"/></patient><patient delay="3" name="Pat_397" status="registered"><stay day="2014-05-17" room="R_11"/></patient><patient delay="0" name="Pat_398" status="registered"><stay day="2014-05-14" room="R_6"/></patient><patient delay="3" name="Pat_399" status="registered"><stay day="2014-05-17" room="R_1"/></patient><patient delay="3" name="Pat_400" status="registered"><stay day="2014-05-17" room="R_21"/></patient><patient delay="2" name="Pat_401" status="registered"><stay day="2014-05-16" room="R_13"/></patient><patient delay="6" name="Pat_402" status="registered"><stay day="2014-05-20" room="R_7"/></patient><patient delay="3" name="Pat_403" status="registered"><stay day="2014-05-17" room="R_9"/></patient><patient delay="0" name="Pat_404" status="registered"><stay day="2014-05-14" room="R_3"/></patient><patient delay="1" name="Pat_405" status="registered"><stay day="2014-05-15" room="R_23"/></patient><patient delay="0" name="Pat_406" status="registered"><stay day="2014-05-14" room="R_0"/></patient><patient delay="0" name="Pat_407" status="registered"><stay day="2014-05-14" room="R_0"/></patient><patient delay="1" name="Pat_408" status="registered"><stay day="2014-05-15" room="R_17"/></patient><patient delay="0" name="Pat_409" status="registered"><stay day="2014-05-14" room="R_16"/></patient><patient delay="1" name="Pat_410" status="registered"><stay day="2014-05-15" room="R_20"/></patient><patient delay="3" name="Pat_411" status="registered"><stay day="2014-05-17" room="R_12"/></patient><patient delay="1" name="Pat_412" status="registered"><stay day="2014-05-15" room="R_4"/></patient><patient delay="0" name="Pat_413" status="registered"><stay day="2014-05-14" room="R_18"/></patient><patient delay="4" name="Pat_414" status="registered"><stay day="2014-05-18" room="R_11"/></patient><patient delay="1" name="Pat_415" status="registered"><stay day="2014-05-15" room="R_20"/></patient><patient delay="2" name="Pat_416" status="registered"><stay day="2014-05-16" room="R_12"/></patient><patient delay="0" name="Pat_417" status="registered"><stay day="2014-05-14" room="R_10"/></patient><patient delay="0" name="Pat_418" status="registered"><stay day="2014-05-14" room="R_9"/></patient><patient delay="0" name="Pat_419" status="registered"><stay day="2014-05-14" room="R_0"/></patient><patient delay="0" name="Pat_420" status="registered"><stay day="2014-05-14" room="R_6"/></patient><patient delay="1" name="Pat_421" status="registered"><stay day="2014-05-15" room="R_21"/></patient><patient delay="5" name="Pat_422" status="registered"><stay day="2014-05-19" room="R_0"/></patient><patient delay="4" name="Pat_423" status="registered"><stay day="2014-05-18" room="R_12"/></patient><patient delay="0" name="Pat_424" status="registered"><stay day="2014-05-14" room="R_4"/></patient><patient delay="2" name="Pat_425" status="registered"><stay day="2014-05-16" room="R_18"/></patient><patient delay="5" name="Pat_426" status="registered"><stay day="2014-05-19" room="R_18"/></patient><patient delay="1" name="Pat_427" status="registered"><stay day="2014-05-15" room="R_3"/></patient><patient delay="0" name="Pat_428" status="registered"><stay day="2014-05-14" room="R_11"/></patient></patients_scheduling><costs><capacity_violations>0</capacity_violations><transfer>100</transfer><patient_room objectives="10120"/><delay>5445</delay><gender>650</gender><total_patient>16315</total_patient><patient>16315</patient><total_load>14291</total_load><load>14291</load></costs></OrPasu_main_out>